[
  {
    "resource": "POST:https://laokou-flowable/work/task/api/query",
    "count": 200,
    "grade": 0,
    "slowRatioThreshold": 0.1,
    "minRequestAmount": 5,
    "timeWindow": 30
  },
  {
    "resource": "POST:https://laokou-flowable/work/definition/api/query",
    "count": 200,
    "grade": 0,
    "slowRatioThreshold": 0.1,
    "minRequestAmount": 5,
    "timeWindow": 30
  },
    {
    "resource": "POST:https://laokou-im/api/push",
    "count": 200,
    "grade": 0,
    "slowRatioThreshold": 0.1,
    "minRequestAmount": 5,
    "timeWindow": 30
  }
]