/*
 Navicat Premium Data Transfer

 Source Server         : 192.168.30.131（老寇）
 Source Server Type    : MySQL
 Source Server Version : 80033 (8.0.33)
 Source Host           : 192.168.30.131:3306
 Source Schema         : kcloud_platform_alibaba_xxl_job

 Target Server Type    : MySQL
 Target Server Version : 80033 (8.0.33)
 File Encoding         : 65001

 Date: 05/07/2023 23:03:03
*/

SET NAMES utf8mb4;
SET FOREIGN_KEY_CHECKS = 0;

-- ----------------------------
-- Table structure for flyway_schema_history
-- ----------------------------
DROP TABLE IF EXISTS `flyway_schema_history`;
CREATE TABLE `flyway_schema_history`  (
                                          `installed_rank` int NOT NULL,
                                          `version` varchar(50) CHARACTER SET utf8mb4 COLLATE utf8mb4_0900_ai_ci NULL DEFAULT NULL,
                                          `description` varchar(200) CHARACTER SET utf8mb4 COLLATE utf8mb4_0900_ai_ci NOT NULL,
                                          `type` varchar(20) CHARACTER SET utf8mb4 COLLATE utf8mb4_0900_ai_ci NOT NULL,
                                          `script` varchar(1000) CHARACTER SET utf8mb4 COLLATE utf8mb4_0900_ai_ci NOT NULL,
                                          `checksum` int NULL DEFAULT NULL,
                                          `installed_by` varchar(100) CHARACTER SET utf8mb4 COLLATE utf8mb4_0900_ai_ci NOT NULL,
                                          `installed_on` timestamp NOT NULL DEFAULT CURRENT_TIMESTAMP,
                                          `execution_time` int NOT NULL,
                                          `success` tinyint(1) NOT NULL,
                                          PRIMARY KEY (`installed_rank`) USING BTREE,
                                          INDEX `flyway_schema_history_s_idx`(`success` ASC) USING BTREE
) ENGINE = InnoDB CHARACTER SET = utf8mb4 COLLATE = utf8mb4_0900_ai_ci ROW_FORMAT = Dynamic;

-- ----------------------------
-- Records of flyway_schema_history
-- ----------------------------
INSERT INTO `flyway_schema_history` VALUES (1, '1.0', 'init', 'SQL', 'V1.0__init.sql', 1132581815, 'root', '2023-06-30 22:59:57', 193, 1);

-- ----------------------------
-- Table structure for xxl_job_group
-- ----------------------------
DROP TABLE IF EXISTS `xxl_job_group`;
CREATE TABLE `xxl_job_group`  (
                                  `id` int NOT NULL AUTO_INCREMENT,
                                  `app_name` varchar(64) CHARACTER SET utf8mb4 COLLATE utf8mb4_0900_ai_ci NOT NULL COMMENT '执行器AppName',
                                  `title` varchar(12) CHARACTER SET utf8mb4 COLLATE utf8mb4_0900_ai_ci NOT NULL COMMENT '执行器名称',
                                  `address_type` tinyint NOT NULL DEFAULT 0 COMMENT '执行器地址类型：0=自动注册、1=手动录入',
                                  `address_list` text CHARACTER SET utf8mb4 COLLATE utf8mb4_0900_ai_ci NULL COMMENT '执行器地址列表，多地址逗号分隔',
                                  `update_time` datetime NULL DEFAULT NULL,
                                  PRIMARY KEY (`id`) USING BTREE
) ENGINE = InnoDB AUTO_INCREMENT = 4 CHARACTER SET = utf8mb4 COLLATE = utf8mb4_0900_ai_ci ROW_FORMAT = DYNAMIC;

-- ----------------------------
-- Records of xxl_job_group
-- ----------------------------
INSERT INTO `xxl_job_group` VALUES (1, 'xxl-job-executor-sample', '示例执行器', 0, NULL, '2023-04-05 18:16:27');
INSERT INTO `xxl_job_group` VALUES (3, 'monitor-platform-job-admin', '监控平台', 1, 'http://192.168.62.1:9998', '2023-04-03 19:25:18');

-- ----------------------------
-- Table structure for xxl_job_info
-- ----------------------------
DROP TABLE IF EXISTS `xxl_job_info`;
CREATE TABLE `xxl_job_info`  (
                                 `id` int NOT NULL AUTO_INCREMENT,
                                 `job_group` int NOT NULL COMMENT '执行器主键ID',
                                 `job_desc` varchar(255) CHARACTER SET utf8mb4 COLLATE utf8mb4_0900_ai_ci NOT NULL,
                                 `add_time` datetime NULL DEFAULT NULL,
                                 `update_time` datetime NULL DEFAULT NULL,
                                 `author` varchar(64) CHARACTER SET utf8mb4 COLLATE utf8mb4_0900_ai_ci NULL DEFAULT NULL COMMENT '作者',
                                 `alarm_email` varchar(255) CHARACTER SET utf8mb4 COLLATE utf8mb4_0900_ai_ci NULL DEFAULT NULL COMMENT '报警邮件',
                                 `schedule_type` varchar(50) CHARACTER SET utf8mb4 COLLATE utf8mb4_0900_ai_ci NOT NULL DEFAULT 'NONE' COMMENT '调度类型',
                                 `schedule_conf` varchar(128) CHARACTER SET utf8mb4 COLLATE utf8mb4_0900_ai_ci NULL DEFAULT NULL COMMENT '调度配置，值含义取决于调度类型',
                                 `misfire_strategy` varchar(50) CHARACTER SET utf8mb4 COLLATE utf8mb4_0900_ai_ci NOT NULL DEFAULT 'DO_NOTHING' COMMENT '调度过期策略',
                                 `executor_route_strategy` varchar(50) CHARACTER SET utf8mb4 COLLATE utf8mb4_0900_ai_ci NULL DEFAULT NULL COMMENT '执行器路由策略',
                                 `executor_handler` varchar(255) CHARACTER SET utf8mb4 COLLATE utf8mb4_0900_ai_ci NULL DEFAULT NULL COMMENT '执行器任务handler',
                                 `executor_param` varchar(512) CHARACTER SET utf8mb4 COLLATE utf8mb4_0900_ai_ci NULL DEFAULT NULL COMMENT '执行器任务参数',
                                 `executor_block_strategy` varchar(50) CHARACTER SET utf8mb4 COLLATE utf8mb4_0900_ai_ci NULL DEFAULT NULL COMMENT '阻塞处理策略',
                                 `executor_timeout` int NOT NULL DEFAULT 0 COMMENT '任务执行超时时间，单位秒',
                                 `executor_fail_retry_count` int NOT NULL DEFAULT 0 COMMENT '失败重试次数',
                                 `glue_type` varchar(50) CHARACTER SET utf8mb4 COLLATE utf8mb4_0900_ai_ci NOT NULL COMMENT 'GLUE类型',
                                 `glue_source` mediumtext CHARACTER SET utf8mb4 COLLATE utf8mb4_0900_ai_ci NULL COMMENT 'GLUE源代码',
                                 `glue_remark` varchar(128) CHARACTER SET utf8mb4 COLLATE utf8mb4_0900_ai_ci NULL DEFAULT NULL COMMENT 'GLUE备注',
                                 `glue_updatetime` datetime NULL DEFAULT NULL COMMENT 'GLUE更新时间',
                                 `child_jobid` varchar(255) CHARACTER SET utf8mb4 COLLATE utf8mb4_0900_ai_ci NULL DEFAULT NULL COMMENT '子任务ID，多个逗号分隔',
                                 `trigger_status` tinyint NOT NULL DEFAULT 0 COMMENT '调度状态：0-停止，1-运行',
                                 `trigger_last_time` bigint NOT NULL DEFAULT 0 COMMENT '上次调度时间',
                                 `trigger_next_time` bigint NOT NULL DEFAULT 0 COMMENT '下次调度时间',
                                 PRIMARY KEY (`id`) USING BTREE
) ENGINE = InnoDB AUTO_INCREMENT = 3 CHARACTER SET = utf8mb4 COLLATE = utf8mb4_0900_ai_ci ROW_FORMAT = DYNAMIC;

-- ----------------------------
-- Records of xxl_job_info
-- ----------------------------
INSERT INTO `xxl_job_info` VALUES (1, 1, '测试任务1', '2018-11-03 22:21:31', '2018-11-03 22:21:31', 'XXL', '', 'CRON', '0 0 0 * * ? *', 'DO_NOTHING', 'FIRST', 'demoJobHandler', '', 'SERIAL_EXECUTION', 0, 0, 'BEAN', '', 'GLUE代码初始化', '2018-11-03 22:21:31', '', 0, 0, 0);
INSERT INTO `xxl_job_info` VALUES (2, 3, '监控平台任务', '2023-04-03 19:20:11', '2023-04-03 19:29:39', '老寇', '', 'CRON', '* * * * * ?', 'DO_NOTHING', 'FIRST', 'demoJobHandler', '', 'SERIAL_EXECUTION', 0, 0, 'BEAN', '', 'GLUE代码初始化', '2023-04-03 19:20:11', '', 0, 0, 0);

-- ----------------------------
-- Table structure for xxl_job_lock
-- ----------------------------
DROP TABLE IF EXISTS `xxl_job_lock`;
CREATE TABLE `xxl_job_lock`  (
                                 `lock_name` varchar(50) CHARACTER SET utf8mb4 COLLATE utf8mb4_0900_ai_ci NOT NULL COMMENT '锁名称',
                                 PRIMARY KEY (`lock_name`) USING BTREE
) ENGINE = InnoDB CHARACTER SET = utf8mb4 COLLATE = utf8mb4_0900_ai_ci ROW_FORMAT = DYNAMIC;

-- ----------------------------
-- Records of xxl_job_lock
-- ----------------------------
INSERT INTO `xxl_job_lock` VALUES ('schedule_lock');

-- ----------------------------
-- Table structure for xxl_job_log
-- ----------------------------
DROP TABLE IF EXISTS `xxl_job_log`;
CREATE TABLE `xxl_job_log`  (
                                `id` bigint NOT NULL AUTO_INCREMENT,
                                `job_group` int NOT NULL COMMENT '执行器主键ID',
                                `job_id` int NOT NULL COMMENT '任务，主键ID',
                                `executor_address` varchar(255) CHARACTER SET utf8mb4 COLLATE utf8mb4_0900_ai_ci NULL DEFAULT NULL COMMENT '执行器地址，本次执行的地址',
                                `executor_handler` varchar(255) CHARACTER SET utf8mb4 COLLATE utf8mb4_0900_ai_ci NULL DEFAULT NULL COMMENT '执行器任务handler',
                                `executor_param` varchar(512) CHARACTER SET utf8mb4 COLLATE utf8mb4_0900_ai_ci NULL DEFAULT NULL COMMENT '执行器任务参数',
                                `executor_sharding_param` varchar(20) CHARACTER SET utf8mb4 COLLATE utf8mb4_0900_ai_ci NULL DEFAULT NULL COMMENT '执行器任务分片参数，格式如 1/2',
                                `executor_fail_retry_count` int NOT NULL DEFAULT 0 COMMENT '失败重试次数',
                                `trigger_time` datetime NULL DEFAULT NULL COMMENT '调度-时间',
                                `trigger_code` int NOT NULL COMMENT '调度-结果',
                                `trigger_msg` text CHARACTER SET utf8mb4 COLLATE utf8mb4_0900_ai_ci NULL COMMENT '调度-日志',
                                `handle_time` datetime NULL DEFAULT NULL COMMENT '执行-时间',
                                `handle_code` int NOT NULL COMMENT '执行-状态',
                                `handle_msg` text CHARACTER SET utf8mb4 COLLATE utf8mb4_0900_ai_ci NULL COMMENT '执行-日志',
                                `alarm_status` tinyint NOT NULL DEFAULT 0 COMMENT '告警状态：0-默认、1-无需告警、2-告警成功、3-告警失败',
                                PRIMARY KEY (`id`) USING BTREE,
                                INDEX `I_trigger_time`(`trigger_time` ASC) USING BTREE,
                                INDEX `I_handle_code`(`handle_code` ASC) USING BTREE
) ENGINE = InnoDB AUTO_INCREMENT = 99 CHARACTER SET = utf8mb4 COLLATE = utf8mb4_0900_ai_ci ROW_FORMAT = DYNAMIC;

-- ----------------------------
-- Records of xxl_job_log
-- ----------------------------
INSERT INTO `xxl_job_log` VALUES (1, 1, 1, NULL, 'demoJobHandler', '', NULL, 0, '2023-04-03 18:10:11', 500, '任务触发类型：手动触发<br>调度机器：192.168.62.1<br>执行器-注册方式：自动注册<br>执行器-地址列表：null<br>路由策略：第一个<br>阻塞处理策略：单机串行<br>任务超时时间：0<br>失败重试次数：0<br><br><span style=\"color:#00c0ef;\" > >>>>>>>>>>>触发调度<<<<<<<<<<< </span><br>调度失败：执行器地址为空<br><br>', NULL, 0, NULL, 2);
INSERT INTO `xxl_job_log` VALUES (2, 3, 2, 'http://127.0.0.1:9999', 'httpJobHandler', '', NULL, 0, '2023-04-03 19:20:34', 500, '任务触发类型：手动触发<br>调度机器：192.168.62.1<br>执行器-注册方式：手动录入<br>执行器-地址列表：[http://127.0.0.1:9999]<br>路由策略：第一个<br>阻塞处理策略：单机串行<br>任务超时时间：0<br>失败重试次数：0<br><br><span style=\"color:#00c0ef;\" > >>>>>>>>>>>触发调度<<<<<<<<<<< </span><br>触发调度：<br>address：http://127.0.0.1:9999<br>code：500<br>msg：xxl-job remoting error(Connection refused: no further information), for url : http://127.0.0.1:9999/run', NULL, 0, NULL, 2);
INSERT INTO `xxl_job_log` VALUES (3, 3, 2, 'http://127.0.0.1:9999', 'demoJobHandler', '', NULL, 0, '2023-04-03 19:21:15', 500, '任务触发类型：Cron触发<br>调度机器：192.168.62.1<br>执行器-注册方式：手动录入<br>执行器-地址列表：[http://127.0.0.1:9999]<br>路由策略：第一个<br>阻塞处理策略：单机串行<br>任务超时时间：0<br>失败重试次数：0<br><br><span style=\"color:#00c0ef;\" > >>>>>>>>>>>触发调度<<<<<<<<<<< </span><br>触发调度：<br>address：http://127.0.0.1:9999<br>code：500<br>msg：xxl-job remoting error(Connection refused: no further information), for url : http://127.0.0.1:9999/run', NULL, 0, NULL, 2);
INSERT INTO `xxl_job_log` VALUES (4, 3, 2, 'http://127.0.0.1:9999', 'demoJobHandler', '', NULL, 0, '2023-04-03 19:21:16', 500, '任务触发类型：Cron触发<br>调度机器：192.168.62.1<br>执行器-注册方式：手动录入<br>执行器-地址列表：[http://127.0.0.1:9999]<br>路由策略：第一个<br>阻塞处理策略：单机串行<br>任务超时时间：0<br>失败重试次数：0<br><br><span style=\"color:#00c0ef;\" > >>>>>>>>>>>触发调度<<<<<<<<<<< </span><br>触发调度：<br>address：http://127.0.0.1:9999<br>code：500<br>msg：xxl-job remoting error(Connection refused: no further information), for url : http://127.0.0.1:9999/run', NULL, 0, NULL, 2);
INSERT INTO `xxl_job_log` VALUES (5, 3, 2, 'http://127.0.0.1:9999', 'demoJobHandler', '', NULL, 0, '2023-04-03 19:21:17', 500, '任务触发类型：Cron触发<br>调度机器：192.168.62.1<br>执行器-注册方式：手动录入<br>执行器-地址列表：[http://127.0.0.1:9999]<br>路由策略：第一个<br>阻塞处理策略：单机串行<br>任务超时时间：0<br>失败重试次数：0<br><br><span style=\"color:#00c0ef;\" > >>>>>>>>>>>触发调度<<<<<<<<<<< </span><br>触发调度：<br>address：http://127.0.0.1:9999<br>code：500<br>msg：xxl-job remoting error(Connection refused: no further information), for url : http://127.0.0.1:9999/run', NULL, 0, NULL, 2);
INSERT INTO `xxl_job_log` VALUES (6, 3, 2, 'http://127.0.0.1:9999', 'demoJobHandler', '', NULL, 0, '2023-04-03 19:21:18', 500, '任务触发类型：Cron触发<br>调度机器：192.168.62.1<br>执行器-注册方式：手动录入<br>执行器-地址列表：[http://127.0.0.1:9999]<br>路由策略：第一个<br>阻塞处理策略：单机串行<br>任务超时时间：0<br>失败重试次数：0<br><br><span style=\"color:#00c0ef;\" > >>>>>>>>>>>触发调度<<<<<<<<<<< </span><br>触发调度：<br>address：http://127.0.0.1:9999<br>code：500<br>msg：xxl-job remoting error(Connection refused: no further information), for url : http://127.0.0.1:9999/run', NULL, 0, NULL, 2);
INSERT INTO `xxl_job_log` VALUES (7, 3, 2, 'http://127.0.0.1:9999', 'demoJobHandler', '', NULL, 0, '2023-04-03 19:21:19', 500, '任务触发类型：Cron触发<br>调度机器：192.168.62.1<br>执行器-注册方式：手动录入<br>执行器-地址列表：[http://127.0.0.1:9999]<br>路由策略：第一个<br>阻塞处理策略：单机串行<br>任务超时时间：0<br>失败重试次数：0<br><br><span style=\"color:#00c0ef;\" > >>>>>>>>>>>触发调度<<<<<<<<<<< </span><br>触发调度：<br>address：http://127.0.0.1:9999<br>code：500<br>msg：xxl-job remoting error(Connection refused: no further information), for url : http://127.0.0.1:9999/run', NULL, 0, NULL, 2);
INSERT INTO `xxl_job_log` VALUES (8, 3, 2, 'http://127.0.0.1:9999', 'demoJobHandler', '', NULL, 0, '2023-04-03 19:21:20', 500, '任务触发类型：Cron触发<br>调度机器：192.168.62.1<br>执行器-注册方式：手动录入<br>执行器-地址列表：[http://127.0.0.1:9999]<br>路由策略：第一个<br>阻塞处理策略：单机串行<br>任务超时时间：0<br>失败重试次数：0<br><br><span style=\"color:#00c0ef;\" > >>>>>>>>>>>触发调度<<<<<<<<<<< </span><br>触发调度：<br>address：http://127.0.0.1:9999<br>code：500<br>msg：xxl-job remoting error(Connection refused: no further information), for url : http://127.0.0.1:9999/run', NULL, 0, NULL, 2);
INSERT INTO `xxl_job_log` VALUES (9, 3, 2, 'http://127.0.0.1:9999', 'demoJobHandler', '', NULL, 0, '2023-04-03 19:21:55', 500, '任务触发类型：Cron触发<br>调度机器：192.168.62.1<br>执行器-注册方式：手动录入<br>执行器-地址列表：[http://127.0.0.1:9999]<br>路由策略：第一个<br>阻塞处理策略：单机串行<br>任务超时时间：0<br>失败重试次数：0<br><br><span style=\"color:#00c0ef;\" > >>>>>>>>>>>触发调度<<<<<<<<<<< </span><br>触发调度：<br>address：http://127.0.0.1:9999<br>code：500<br>msg：xxl-job remoting error(Connection refused: no further information), for url : http://127.0.0.1:9999/run', NULL, 0, NULL, 2);
INSERT INTO `xxl_job_log` VALUES (10, 3, 2, 'http://127.0.0.1:9999', 'demoJobHandler', '', NULL, 0, '2023-04-03 19:21:56', 500, '任务触发类型：Cron触发<br>调度机器：192.168.62.1<br>执行器-注册方式：手动录入<br>执行器-地址列表：[http://127.0.0.1:9999]<br>路由策略：第一个<br>阻塞处理策略：单机串行<br>任务超时时间：0<br>失败重试次数：0<br><br><span style=\"color:#00c0ef;\" > >>>>>>>>>>>触发调度<<<<<<<<<<< </span><br>触发调度：<br>address：http://127.0.0.1:9999<br>code：500<br>msg：xxl-job remoting error(Connection refused: no further information), for url : http://127.0.0.1:9999/run', NULL, 0, NULL, 2);
INSERT INTO `xxl_job_log` VALUES (11, 3, 2, 'http://127.0.0.1:9999', 'demoJobHandler', '', NULL, 0, '2023-04-03 19:21:57', 500, '任务触发类型：Cron触发<br>调度机器：192.168.62.1<br>执行器-注册方式：手动录入<br>执行器-地址列表：[http://127.0.0.1:9999]<br>路由策略：第一个<br>阻塞处理策略：单机串行<br>任务超时时间：0<br>失败重试次数：0<br><br><span style=\"color:#00c0ef;\" > >>>>>>>>>>>触发调度<<<<<<<<<<< </span><br>触发调度：<br>address：http://127.0.0.1:9999<br>code：500<br>msg：xxl-job remoting error(Connection refused: no further information), for url : http://127.0.0.1:9999/run', NULL, 0, NULL, 2);
INSERT INTO `xxl_job_log` VALUES (12, 3, 2, 'http://127.0.0.1:9999', 'demoJobHandler', '', NULL, 0, '2023-04-03 19:21:58', 500, '任务触发类型：Cron触发<br>调度机器：192.168.62.1<br>执行器-注册方式：手动录入<br>执行器-地址列表：[http://127.0.0.1:9999]<br>路由策略：第一个<br>阻塞处理策略：单机串行<br>任务超时时间：0<br>失败重试次数：0<br><br><span style=\"color:#00c0ef;\" > >>>>>>>>>>>触发调度<<<<<<<<<<< </span><br>触发调度：<br>address：http://127.0.0.1:9999<br>code：500<br>msg：xxl-job remoting error(Connection refused: no further information), for url : http://127.0.0.1:9999/run', NULL, 0, NULL, 2);
INSERT INTO `xxl_job_log` VALUES (13, 3, 2, 'http://127.0.0.1:9999', 'demoJobHandler', '', NULL, 0, '2023-04-03 19:21:59', 500, '任务触发类型：Cron触发<br>调度机器：192.168.62.1<br>执行器-注册方式：手动录入<br>执行器-地址列表：[http://127.0.0.1:9999]<br>路由策略：第一个<br>阻塞处理策略：单机串行<br>任务超时时间：0<br>失败重试次数：0<br><br><span style=\"color:#00c0ef;\" > >>>>>>>>>>>触发调度<<<<<<<<<<< </span><br>触发调度：<br>address：http://127.0.0.1:9999<br>code：500<br>msg：xxl-job remoting error(Connection refused: no further information), for url : http://127.0.0.1:9999/run', NULL, 0, NULL, 2);
INSERT INTO `xxl_job_log` VALUES (14, 3, 2, 'http://127.0.0.1:9999', 'demoJobHandler', '', NULL, 0, '2023-04-03 19:22:00', 500, '任务触发类型：Cron触发<br>调度机器：192.168.62.1<br>执行器-注册方式：手动录入<br>执行器-地址列表：[http://127.0.0.1:9999]<br>路由策略：第一个<br>阻塞处理策略：单机串行<br>任务超时时间：0<br>失败重试次数：0<br><br><span style=\"color:#00c0ef;\" > >>>>>>>>>>>触发调度<<<<<<<<<<< </span><br>触发调度：<br>address：http://127.0.0.1:9999<br>code：500<br>msg：xxl-job remoting error(Connection refused: no further information), for url : http://127.0.0.1:9999/run', NULL, 0, NULL, 2);
INSERT INTO `xxl_job_log` VALUES (15, 3, 2, 'http://127.0.0.1:9999', 'demoJobHandler', '', NULL, 0, '2023-04-03 19:22:01', 500, '任务触发类型：Cron触发<br>调度机器：192.168.62.1<br>执行器-注册方式：手动录入<br>执行器-地址列表：[http://127.0.0.1:9999]<br>路由策略：第一个<br>阻塞处理策略：单机串行<br>任务超时时间：0<br>失败重试次数：0<br><br><span style=\"color:#00c0ef;\" > >>>>>>>>>>>触发调度<<<<<<<<<<< </span><br>触发调度：<br>address：http://127.0.0.1:9999<br>code：500<br>msg：xxl-job remoting error(Connection refused: no further information), for url : http://127.0.0.1:9999/run', NULL, 0, NULL, 2);
INSERT INTO `xxl_job_log` VALUES (16, 3, 2, 'http://127.0.0.1:9999', 'demoJobHandler', '', NULL, 0, '2023-04-03 19:22:02', 500, '任务触发类型：Cron触发<br>调度机器：192.168.62.1<br>执行器-注册方式：手动录入<br>执行器-地址列表：[http://127.0.0.1:9999]<br>路由策略：第一个<br>阻塞处理策略：单机串行<br>任务超时时间：0<br>失败重试次数：0<br><br><span style=\"color:#00c0ef;\" > >>>>>>>>>>>触发调度<<<<<<<<<<< </span><br>触发调度：<br>address：http://127.0.0.1:9999<br>code：500<br>msg：xxl-job remoting error(Connection refused: no further information), for url : http://127.0.0.1:9999/run', NULL, 0, NULL, 2);
INSERT INTO `xxl_job_log` VALUES (17, 3, 2, 'http://127.0.0.1:9999', 'demoJobHandler', '', NULL, 0, '2023-04-03 19:22:03', 500, '任务触发类型：Cron触发<br>调度机器：192.168.62.1<br>执行器-注册方式：手动录入<br>执行器-地址列表：[http://127.0.0.1:9999]<br>路由策略：第一个<br>阻塞处理策略：单机串行<br>任务超时时间：0<br>失败重试次数：0<br><br><span style=\"color:#00c0ef;\" > >>>>>>>>>>>触发调度<<<<<<<<<<< </span><br>触发调度：<br>address：http://127.0.0.1:9999<br>code：500<br>msg：xxl-job remoting error(Connection refused: no further information), for url : http://127.0.0.1:9999/run', NULL, 0, NULL, 2);
INSERT INTO `xxl_job_log` VALUES (18, 3, 2, 'http://127.0.0.1:9998', 'demoJobHandler', '', NULL, 0, '2023-04-03 19:22:04', 500, '任务触发类型：Cron触发<br>调度机器：192.168.62.1<br>执行器-注册方式：手动录入<br>执行器-地址列表：[http://127.0.0.1:9998]<br>路由策略：第一个<br>阻塞处理策略：单机串行<br>任务超时时间：0<br>失败重试次数：0<br><br><span style=\"color:#00c0ef;\" > >>>>>>>>>>>触发调度<<<<<<<<<<< </span><br>触发调度：<br>address：http://127.0.0.1:9998<br>code：500<br>msg：xxl-job remoting error(Connection refused: no further information), for url : http://127.0.0.1:9998/run', NULL, 0, NULL, 2);
INSERT INTO `xxl_job_log` VALUES (19, 3, 2, 'http://127.0.0.1:9998', 'demoJobHandler', '', NULL, 0, '2023-04-03 19:22:05', 500, '任务触发类型：Cron触发<br>调度机器：192.168.62.1<br>执行器-注册方式：手动录入<br>执行器-地址列表：[http://127.0.0.1:9998]<br>路由策略：第一个<br>阻塞处理策略：单机串行<br>任务超时时间：0<br>失败重试次数：0<br><br><span style=\"color:#00c0ef;\" > >>>>>>>>>>>触发调度<<<<<<<<<<< </span><br>触发调度：<br>address：http://127.0.0.1:9998<br>code：500<br>msg：xxl-job remoting error(Connection refused: no further information), for url : http://127.0.0.1:9998/run', NULL, 0, NULL, 2);
INSERT INTO `xxl_job_log` VALUES (20, 3, 2, 'http://127.0.0.1:9998', 'demoJobHandler', '', NULL, 0, '2023-04-03 19:22:06', 500, '任务触发类型：Cron触发<br>调度机器：192.168.62.1<br>执行器-注册方式：手动录入<br>执行器-地址列表：[http://127.0.0.1:9998]<br>路由策略：第一个<br>阻塞处理策略：单机串行<br>任务超时时间：0<br>失败重试次数：0<br><br><span style=\"color:#00c0ef;\" > >>>>>>>>>>>触发调度<<<<<<<<<<< </span><br>触发调度：<br>address：http://127.0.0.1:9998<br>code：500<br>msg：xxl-job remoting error(Connection refused: no further information), for url : http://127.0.0.1:9998/run', NULL, 0, NULL, 2);
INSERT INTO `xxl_job_log` VALUES (21, 3, 2, 'http://127.0.0.1:9998', 'demoJobHandler', '', NULL, 0, '2023-04-03 19:22:07', 500, '任务触发类型：Cron触发<br>调度机器：192.168.62.1<br>执行器-注册方式：手动录入<br>执行器-地址列表：[http://127.0.0.1:9998]<br>路由策略：第一个<br>阻塞处理策略：单机串行<br>任务超时时间：0<br>失败重试次数：0<br><br><span style=\"color:#00c0ef;\" > >>>>>>>>>>>触发调度<<<<<<<<<<< </span><br>触发调度：<br>address：http://127.0.0.1:9998<br>code：500<br>msg：xxl-job remoting error(Connection refused: no further information), for url : http://127.0.0.1:9998/run', NULL, 0, NULL, 2);
INSERT INTO `xxl_job_log` VALUES (22, 3, 2, 'http://127.0.0.1:9998', 'demoJobHandler', '', NULL, 0, '2023-04-03 19:22:08', 500, '任务触发类型：Cron触发<br>调度机器：192.168.62.1<br>执行器-注册方式：手动录入<br>执行器-地址列表：[http://127.0.0.1:9998]<br>路由策略：第一个<br>阻塞处理策略：单机串行<br>任务超时时间：0<br>失败重试次数：0<br><br><span style=\"color:#00c0ef;\" > >>>>>>>>>>>触发调度<<<<<<<<<<< </span><br>触发调度：<br>address：http://127.0.0.1:9998<br>code：500<br>msg：xxl-job remoting error(Connection refused: no further information), for url : http://127.0.0.1:9998/run', NULL, 0, NULL, 2);
INSERT INTO `xxl_job_log` VALUES (23, 3, 2, 'http://127.0.0.1:9998', 'demoJobHandler', '', NULL, 0, '2023-04-03 19:22:09', 500, '任务触发类型：Cron触发<br>调度机器：192.168.62.1<br>执行器-注册方式：手动录入<br>执行器-地址列表：[http://127.0.0.1:9998]<br>路由策略：第一个<br>阻塞处理策略：单机串行<br>任务超时时间：0<br>失败重试次数：0<br><br><span style=\"color:#00c0ef;\" > >>>>>>>>>>>触发调度<<<<<<<<<<< </span><br>触发调度：<br>address：http://127.0.0.1:9998<br>code：500<br>msg：xxl-job remoting error(Connection refused: no further information), for url : http://127.0.0.1:9998/run', NULL, 0, NULL, 2);
INSERT INTO `xxl_job_log` VALUES (24, 3, 2, 'http://127.0.0.1:9998', 'demoJobHandler', '', NULL, 0, '2023-04-03 19:22:10', 500, '任务触发类型：Cron触发<br>调度机器：192.168.62.1<br>执行器-注册方式：手动录入<br>执行器-地址列表：[http://127.0.0.1:9998]<br>路由策略：第一个<br>阻塞处理策略：单机串行<br>任务超时时间：0<br>失败重试次数：0<br><br><span style=\"color:#00c0ef;\" > >>>>>>>>>>>触发调度<<<<<<<<<<< </span><br>触发调度：<br>address：http://127.0.0.1:9998<br>code：500<br>msg：xxl-job remoting error(Connection refused: no further information), for url : http://127.0.0.1:9998/run', NULL, 0, NULL, 2);
INSERT INTO `xxl_job_log` VALUES (25, 3, 2, 'http://127.0.0.1:9998', 'demoJobHandler', '', NULL, 0, '2023-04-03 19:22:11', 500, '任务触发类型：Cron触发<br>调度机器：192.168.62.1<br>执行器-注册方式：手动录入<br>执行器-地址列表：[http://127.0.0.1:9998]<br>路由策略：第一个<br>阻塞处理策略：单机串行<br>任务超时时间：0<br>失败重试次数：0<br><br><span style=\"color:#00c0ef;\" > >>>>>>>>>>>触发调度<<<<<<<<<<< </span><br>触发调度：<br>address：http://127.0.0.1:9998<br>code：500<br>msg：xxl-job remoting error(Connection refused: no further information), for url : http://127.0.0.1:9998/run', NULL, 0, NULL, 2);
INSERT INTO `xxl_job_log` VALUES (26, 3, 2, 'http://127.0.0.1:9998', 'demoJobHandler', '', NULL, 0, '2023-04-03 19:22:12', 500, '任务触发类型：Cron触发<br>调度机器：192.168.62.1<br>执行器-注册方式：手动录入<br>执行器-地址列表：[http://127.0.0.1:9998]<br>路由策略：第一个<br>阻塞处理策略：单机串行<br>任务超时时间：0<br>失败重试次数：0<br><br><span style=\"color:#00c0ef;\" > >>>>>>>>>>>触发调度<<<<<<<<<<< </span><br>触发调度：<br>address：http://127.0.0.1:9998<br>code：500<br>msg：xxl-job remoting error(Connection refused: no further information), for url : http://127.0.0.1:9998/run', NULL, 0, NULL, 2);
INSERT INTO `xxl_job_log` VALUES (27, 3, 2, 'http://127.0.0.1:9998', 'demoJobHandler', '', NULL, 0, '2023-04-03 19:22:23', 500, '任务触发类型：Cron触发<br>调度机器：192.168.62.1<br>执行器-注册方式：手动录入<br>执行器-地址列表：[http://127.0.0.1:9998]<br>路由策略：第一个<br>阻塞处理策略：单机串行<br>任务超时时间：0<br>失败重试次数：0<br><br><span style=\"color:#00c0ef;\" > >>>>>>>>>>>触发调度<<<<<<<<<<< </span><br>触发调度：<br>address：http://127.0.0.1:9998<br>code：500<br>msg：xxl-job remoting error(Connection refused: no further information), for url : http://127.0.0.1:9998/run', NULL, 0, NULL, 2);
INSERT INTO `xxl_job_log` VALUES (28, 3, 2, 'http://127.0.0.1:9998', 'demoJobHandler', '', NULL, 0, '2023-04-03 19:22:24', 500, '任务触发类型：Cron触发<br>调度机器：192.168.62.1<br>执行器-注册方式：手动录入<br>执行器-地址列表：[http://127.0.0.1:9998]<br>路由策略：第一个<br>阻塞处理策略：单机串行<br>任务超时时间：0<br>失败重试次数：0<br><br><span style=\"color:#00c0ef;\" > >>>>>>>>>>>触发调度<<<<<<<<<<< </span><br>触发调度：<br>address：http://127.0.0.1:9998<br>code：500<br>msg：xxl-job remoting error(Connection refused: no further information), for url : http://127.0.0.1:9998/run', NULL, 0, NULL, 2);
INSERT INTO `xxl_job_log` VALUES (29, 3, 2, 'http://127.0.0.1:9998', 'demoJobHandler', '', NULL, 0, '2023-04-03 19:22:25', 500, '任务触发类型：Cron触发<br>调度机器：192.168.62.1<br>执行器-注册方式：手动录入<br>执行器-地址列表：[http://127.0.0.1:9998]<br>路由策略：第一个<br>阻塞处理策略：单机串行<br>任务超时时间：0<br>失败重试次数：0<br><br><span style=\"color:#00c0ef;\" > >>>>>>>>>>>触发调度<<<<<<<<<<< </span><br>触发调度：<br>address：http://127.0.0.1:9998<br>code：500<br>msg：xxl-job remoting error(Connection refused: no further information), for url : http://127.0.0.1:9998/run', NULL, 0, NULL, 2);
INSERT INTO `xxl_job_log` VALUES (30, 3, 2, 'http://127.0.0.1:9998', 'demoJobHandler', '', NULL, 0, '2023-04-03 19:22:26', 500, '任务触发类型：Cron触发<br>调度机器：192.168.62.1<br>执行器-注册方式：手动录入<br>执行器-地址列表：[http://127.0.0.1:9998]<br>路由策略：第一个<br>阻塞处理策略：单机串行<br>任务超时时间：0<br>失败重试次数：0<br><br><span style=\"color:#00c0ef;\" > >>>>>>>>>>>触发调度<<<<<<<<<<< </span><br>触发调度：<br>address：http://127.0.0.1:9998<br>code：500<br>msg：xxl-job remoting error(Connection refused: no further information), for url : http://127.0.0.1:9998/run', NULL, 0, NULL, 2);
INSERT INTO `xxl_job_log` VALUES (31, 3, 2, 'http://127.0.0.1:9998', 'demoJobHandler', '', NULL, 0, '2023-04-03 19:22:27', 500, '任务触发类型：Cron触发<br>调度机器：192.168.62.1<br>执行器-注册方式：手动录入<br>执行器-地址列表：[http://127.0.0.1:9998]<br>路由策略：第一个<br>阻塞处理策略：单机串行<br>任务超时时间：0<br>失败重试次数：0<br><br><span style=\"color:#00c0ef;\" > >>>>>>>>>>>触发调度<<<<<<<<<<< </span><br>触发调度：<br>address：http://127.0.0.1:9998<br>code：500<br>msg：xxl-job remoting error(Connection refused: no further information), for url : http://127.0.0.1:9998/run', NULL, 0, NULL, 2);
INSERT INTO `xxl_job_log` VALUES (32, 3, 2, 'http://127.0.0.1:9998', 'demoJobHandler', '', NULL, 0, '2023-04-03 19:22:28', 500, '任务触发类型：Cron触发<br>调度机器：192.168.62.1<br>执行器-注册方式：手动录入<br>执行器-地址列表：[http://127.0.0.1:9998]<br>路由策略：第一个<br>阻塞处理策略：单机串行<br>任务超时时间：0<br>失败重试次数：0<br><br><span style=\"color:#00c0ef;\" > >>>>>>>>>>>触发调度<<<<<<<<<<< </span><br>触发调度：<br>address：http://127.0.0.1:9998<br>code：500<br>msg：xxl-job remoting error(Connection refused: no further information), for url : http://127.0.0.1:9998/run', NULL, 0, NULL, 2);
INSERT INTO `xxl_job_log` VALUES (33, 3, 2, 'http://127.0.0.1:9998', 'demoJobHandler', '', NULL, 0, '2023-04-03 19:22:29', 500, '任务触发类型：Cron触发<br>调度机器：192.168.62.1<br>执行器-注册方式：手动录入<br>执行器-地址列表：[http://127.0.0.1:9998]<br>路由策略：第一个<br>阻塞处理策略：单机串行<br>任务超时时间：0<br>失败重试次数：0<br><br><span style=\"color:#00c0ef;\" > >>>>>>>>>>>触发调度<<<<<<<<<<< </span><br>触发调度：<br>address：http://127.0.0.1:9998<br>code：500<br>msg：xxl-job remoting error(Connection refused: no further information), for url : http://127.0.0.1:9998/run', NULL, 0, NULL, 2);
INSERT INTO `xxl_job_log` VALUES (34, 3, 2, 'http://127.0.0.1:9998', 'demoJobHandler', '', NULL, 0, '2023-04-03 19:22:30', 500, '任务触发类型：Cron触发<br>调度机器：192.168.62.1<br>执行器-注册方式：手动录入<br>执行器-地址列表：[http://127.0.0.1:9998]<br>路由策略：第一个<br>阻塞处理策略：单机串行<br>任务超时时间：0<br>失败重试次数：0<br><br><span style=\"color:#00c0ef;\" > >>>>>>>>>>>触发调度<<<<<<<<<<< </span><br>触发调度：<br>address：http://127.0.0.1:9998<br>code：500<br>msg：xxl-job remoting error(Connection refused: no further information), for url : http://127.0.0.1:9998/run', NULL, 0, NULL, 2);
INSERT INTO `xxl_job_log` VALUES (35, 3, 2, 'http://127.0.0.1:9998', 'demoJobHandler', '', NULL, 0, '2023-04-03 19:22:34', 500, '任务触发类型：手动触发<br>调度机器：192.168.62.1<br>执行器-注册方式：手动录入<br>执行器-地址列表：[http://127.0.0.1:9998]<br>路由策略：第一个<br>阻塞处理策略：单机串行<br>任务超时时间：0<br>失败重试次数：0<br><br><span style=\"color:#00c0ef;\" > >>>>>>>>>>>触发调度<<<<<<<<<<< </span><br>触发调度：<br>address：http://127.0.0.1:9998<br>code：500<br>msg：xxl-job remoting error(Connection refused: no further information), for url : http://127.0.0.1:9998/run', NULL, 0, NULL, 2);
INSERT INTO `xxl_job_log` VALUES (36, 3, 2, '111', 'demoJobHandler', '11', NULL, 0, '2023-04-03 19:23:08', 500, '任务触发类型：手动触发<br>调度机器：192.168.62.1<br>执行器-注册方式：手动录入<br>执行器-地址列表：[111]<br>路由策略：第一个<br>阻塞处理策略：单机串行<br>任务超时时间：0<br>失败重试次数：0<br><br><span style=\"color:#00c0ef;\" > >>>>>>>>>>>触发调度<<<<<<<<<<< </span><br>触发调度：<br>address：111<br>code：500<br>msg：xxl-job remoting error(no protocol: 111/run), for url : 111/run', NULL, 0, NULL, 2);
INSERT INTO `xxl_job_log` VALUES (37, 3, 2, 'http://192.168.62.1:9998', 'demoJobHandler', '', NULL, 0, '2023-04-03 19:25:32', 500, '任务触发类型：Cron触发<br>调度机器：192.168.62.1<br>执行器-注册方式：手动录入<br>执行器-地址列表：[http://192.168.62.1:9998]<br>路由策略：第一个<br>阻塞处理策略：单机串行<br>任务超时时间：0<br>失败重试次数：0<br><br><span style=\"color:#00c0ef;\" > >>>>>>>>>>>触发调度<<<<<<<<<<< </span><br>触发调度：<br>address：http://192.168.62.1:9998<br>code：500<br>msg：xxl-job remoting error(Connection refused: no further information), for url : http://192.168.62.1:9998/run', NULL, 0, NULL, 2);
INSERT INTO `xxl_job_log` VALUES (38, 3, 2, 'http://192.168.62.1:9998', 'demoJobHandler', '', NULL, 0, '2023-04-03 19:25:37', 500, '任务触发类型：Cron触发<br>调度机器：192.168.62.1<br>执行器-注册方式：手动录入<br>执行器-地址列表：[http://192.168.62.1:9998]<br>路由策略：第一个<br>阻塞处理策略：单机串行<br>任务超时时间：0<br>失败重试次数：0<br><br><span style=\"color:#00c0ef;\" > >>>>>>>>>>>触发调度<<<<<<<<<<< </span><br>触发调度：<br>address：http://192.168.62.1:9998<br>code：500<br>msg：xxl-job remoting error(Connection refused: no further information), for url : http://192.168.62.1:9998/run', NULL, 0, NULL, 2);
INSERT INTO `xxl_job_log` VALUES (39, 3, 2, 'http://192.168.62.1:9998', 'demoJobHandler', '', NULL, 0, '2023-04-03 19:25:37', 500, '任务触发类型：Cron触发<br>调度机器：192.168.62.1<br>执行器-注册方式：手动录入<br>执行器-地址列表：[http://192.168.62.1:9998]<br>路由策略：第一个<br>阻塞处理策略：单机串行<br>任务超时时间：0<br>失败重试次数：0<br><br><span style=\"color:#00c0ef;\" > >>>>>>>>>>>触发调度<<<<<<<<<<< </span><br>触发调度：<br>address：http://192.168.62.1:9998<br>code：500<br>msg：xxl-job remoting error(Connection refused: no further information), for url : http://192.168.62.1:9998/run', NULL, 0, NULL, 2);
INSERT INTO `xxl_job_log` VALUES (40, 3, 2, 'http://192.168.62.1:9998', 'demoJobHandler', '', NULL, 0, '2023-04-03 19:25:37', 500, '任务触发类型：Cron触发<br>调度机器：192.168.62.1<br>执行器-注册方式：手动录入<br>执行器-地址列表：[http://192.168.62.1:9998]<br>路由策略：第一个<br>阻塞处理策略：单机串行<br>任务超时时间：0<br>失败重试次数：0<br><br><span style=\"color:#00c0ef;\" > >>>>>>>>>>>触发调度<<<<<<<<<<< </span><br>触发调度：<br>address：http://192.168.62.1:9998<br>code：500<br>msg：xxl-job remoting error(Connection refused: no further information), for url : http://192.168.62.1:9998/run', NULL, 0, NULL, 2);
INSERT INTO `xxl_job_log` VALUES (41, 3, 2, 'http://192.168.62.1:9998', 'demoJobHandler', '', NULL, 0, '2023-04-03 19:25:38', 500, '任务触发类型：Cron触发<br>调度机器：192.168.62.1<br>执行器-注册方式：手动录入<br>执行器-地址列表：[http://192.168.62.1:9998]<br>路由策略：第一个<br>阻塞处理策略：单机串行<br>任务超时时间：0<br>失败重试次数：0<br><br><span style=\"color:#00c0ef;\" > >>>>>>>>>>>触发调度<<<<<<<<<<< </span><br>触发调度：<br>address：http://192.168.62.1:9998<br>code：500<br>msg：xxl-job remoting error(Connection refused: no further information), for url : http://192.168.62.1:9998/run', NULL, 0, NULL, 2);
INSERT INTO `xxl_job_log` VALUES (42, 3, 2, 'http://192.168.62.1:9998', 'demoJobHandler', '', NULL, 0, '2023-04-03 19:25:39', 500, '任务触发类型：Cron触发<br>调度机器：192.168.62.1<br>执行器-注册方式：手动录入<br>执行器-地址列表：[http://192.168.62.1:9998]<br>路由策略：第一个<br>阻塞处理策略：单机串行<br>任务超时时间：0<br>失败重试次数：0<br><br><span style=\"color:#00c0ef;\" > >>>>>>>>>>>触发调度<<<<<<<<<<< </span><br>触发调度：<br>address：http://192.168.62.1:9998<br>code：500<br>msg：xxl-job remoting error(Connection refused: no further information), for url : http://192.168.62.1:9998/run', NULL, 0, NULL, 2);
INSERT INTO `xxl_job_log` VALUES (43, 3, 2, 'http://192.168.62.1:9998', 'demoJobHandler', '', NULL, 0, '2023-04-03 19:25:40', 500, '任务触发类型：Cron触发<br>调度机器：192.168.62.1<br>执行器-注册方式：手动录入<br>执行器-地址列表：[http://192.168.62.1:9998]<br>路由策略：第一个<br>阻塞处理策略：单机串行<br>任务超时时间：0<br>失败重试次数：0<br><br><span style=\"color:#00c0ef;\" > >>>>>>>>>>>触发调度<<<<<<<<<<< </span><br>触发调度：<br>address：http://192.168.62.1:9998<br>code：500<br>msg：xxl-job remoting error(Connection refused: no further information), for url : http://192.168.62.1:9998/run', NULL, 0, NULL, 2);
INSERT INTO `xxl_job_log` VALUES (44, 3, 2, 'http://192.168.62.1:9998', 'demoJobHandler', '', NULL, 0, '2023-04-03 19:25:41', 500, '任务触发类型：Cron触发<br>调度机器：192.168.62.1<br>执行器-注册方式：手动录入<br>执行器-地址列表：[http://192.168.62.1:9998]<br>路由策略：第一个<br>阻塞处理策略：单机串行<br>任务超时时间：0<br>失败重试次数：0<br><br><span style=\"color:#00c0ef;\" > >>>>>>>>>>>触发调度<<<<<<<<<<< </span><br>触发调度：<br>address：http://192.168.62.1:9998<br>code：500<br>msg：xxl-job remoting error(Connection refused: no further information), for url : http://192.168.62.1:9998/run', NULL, 0, NULL, 2);
INSERT INTO `xxl_job_log` VALUES (45, 3, 2, 'http://192.168.62.1:9998', 'demoJobHandler', '', NULL, 0, '2023-04-03 19:25:42', 500, '任务触发类型：Cron触发<br>调度机器：192.168.62.1<br>执行器-注册方式：手动录入<br>执行器-地址列表：[http://192.168.62.1:9998]<br>路由策略：第一个<br>阻塞处理策略：单机串行<br>任务超时时间：0<br>失败重试次数：0<br><br><span style=\"color:#00c0ef;\" > >>>>>>>>>>>触发调度<<<<<<<<<<< </span><br>触发调度：<br>address：http://192.168.62.1:9998<br>code：500<br>msg：xxl-job remoting error(Connection refused: no further information), for url : http://192.168.62.1:9998/run', NULL, 0, NULL, 2);
INSERT INTO `xxl_job_log` VALUES (46, 3, 2, 'http://192.168.62.1:9998', 'demoJobHandler', '', NULL, 0, '2023-04-03 19:25:43', 500, '任务触发类型：Cron触发<br>调度机器：192.168.62.1<br>执行器-注册方式：手动录入<br>执行器-地址列表：[http://192.168.62.1:9998]<br>路由策略：第一个<br>阻塞处理策略：单机串行<br>任务超时时间：0<br>失败重试次数：0<br><br><span style=\"color:#00c0ef;\" > >>>>>>>>>>>触发调度<<<<<<<<<<< </span><br>触发调度：<br>address：http://192.168.62.1:9998<br>code：500<br>msg：xxl-job remoting error(Connection refused: no further information), for url : http://192.168.62.1:9998/run', NULL, 0, NULL, 2);
INSERT INTO `xxl_job_log` VALUES (47, 3, 2, NULL, NULL, NULL, NULL, 0, '2023-04-03 19:25:44', 0, NULL, NULL, 0, NULL, 0);
INSERT INTO `xxl_job_log` VALUES (48, 3, 2, NULL, NULL, NULL, NULL, 0, '2023-04-03 19:25:45', 0, NULL, NULL, 0, NULL, 0);
INSERT INTO `xxl_job_log` VALUES (49, 3, 2, NULL, NULL, NULL, NULL, 0, '2023-04-03 19:25:46', 0, NULL, NULL, 0, NULL, 0);
INSERT INTO `xxl_job_log` VALUES (50, 3, 2, 'http://192.168.62.1:9998', 'demoJobHandler', '', NULL, 0, '2023-04-03 19:27:45', 500, '任务触发类型：Cron触发<br>调度机器：192.168.62.1<br>执行器-注册方式：手动录入<br>执行器-地址列表：[http://192.168.62.1:9998]<br>路由策略：第一个<br>阻塞处理策略：单机串行<br>任务超时时间：0<br>失败重试次数：0<br><br><span style=\"color:#00c0ef;\" > >>>>>>>>>>>触发调度<<<<<<<<<<< </span><br>触发调度：<br>address：http://192.168.62.1:9998<br>code：500<br>msg：xxl-job remoting error(Connection refused: no further information), for url : http://192.168.62.1:9998/run', NULL, 0, NULL, 2);
INSERT INTO `xxl_job_log` VALUES (51, 3, 2, 'http://192.168.62.1:9998', 'demoJobHandler', '', NULL, 0, '2023-04-03 19:27:46', 500, '任务触发类型：Cron触发<br>调度机器：192.168.62.1<br>执行器-注册方式：手动录入<br>执行器-地址列表：[http://192.168.62.1:9998]<br>路由策略：第一个<br>阻塞处理策略：单机串行<br>任务超时时间：0<br>失败重试次数：0<br><br><span style=\"color:#00c0ef;\" > >>>>>>>>>>>触发调度<<<<<<<<<<< </span><br>触发调度：<br>address：http://192.168.62.1:9998<br>code：500<br>msg：xxl-job remoting error(Connection refused: no further information), for url : http://192.168.62.1:9998/run', NULL, 0, NULL, 2);
INSERT INTO `xxl_job_log` VALUES (52, 3, 2, 'http://192.168.62.1:9998', 'demoJobHandler', '', NULL, 0, '2023-04-03 19:27:47', 500, '任务触发类型：Cron触发<br>调度机器：192.168.62.1<br>执行器-注册方式：手动录入<br>执行器-地址列表：[http://192.168.62.1:9998]<br>路由策略：第一个<br>阻塞处理策略：单机串行<br>任务超时时间：0<br>失败重试次数：0<br><br><span style=\"color:#00c0ef;\" > >>>>>>>>>>>触发调度<<<<<<<<<<< </span><br>触发调度：<br>address：http://192.168.62.1:9998<br>code：500<br>msg：xxl-job remoting error(Connection refused: no further information), for url : http://192.168.62.1:9998/run', NULL, 0, NULL, 2);
INSERT INTO `xxl_job_log` VALUES (53, 3, 2, 'http://192.168.62.1:9998', 'demoJobHandler', '', NULL, 0, '2023-04-03 19:27:53', 500, '任务触发类型：Cron触发<br>调度机器：192.168.62.1<br>执行器-注册方式：手动录入<br>执行器-地址列表：[http://192.168.62.1:9998]<br>路由策略：第一个<br>阻塞处理策略：单机串行<br>任务超时时间：0<br>失败重试次数：0<br><br><span style=\"color:#00c0ef;\" > >>>>>>>>>>>触发调度<<<<<<<<<<< </span><br>触发调度：<br>address：http://192.168.62.1:9998<br>code：500<br>msg：xxl-job remoting error(Connection refused: no further information), for url : http://192.168.62.1:9998/run', NULL, 0, NULL, 2);
INSERT INTO `xxl_job_log` VALUES (54, 3, 2, 'http://192.168.62.1:9998', 'demoJobHandler', '', NULL, 0, '2023-04-03 19:27:53', 500, '任务触发类型：Cron触发<br>调度机器：192.168.62.1<br>执行器-注册方式：手动录入<br>执行器-地址列表：[http://192.168.62.1:9998]<br>路由策略：第一个<br>阻塞处理策略：单机串行<br>任务超时时间：0<br>失败重试次数：0<br><br><span style=\"color:#00c0ef;\" > >>>>>>>>>>>触发调度<<<<<<<<<<< </span><br>触发调度：<br>address：http://192.168.62.1:9998<br>code：500<br>msg：xxl-job remoting error(Connection refused: no further information), for url : http://192.168.62.1:9998/run', NULL, 0, NULL, 2);
INSERT INTO `xxl_job_log` VALUES (55, 3, 2, 'http://192.168.62.1:9998', 'demoJobHandler', '', NULL, 0, '2023-04-03 19:27:53', 500, '任务触发类型：Cron触发<br>调度机器：192.168.62.1<br>执行器-注册方式：手动录入<br>执行器-地址列表：[http://192.168.62.1:9998]<br>路由策略：第一个<br>阻塞处理策略：单机串行<br>任务超时时间：0<br>失败重试次数：0<br><br><span style=\"color:#00c0ef;\" > >>>>>>>>>>>触发调度<<<<<<<<<<< </span><br>触发调度：<br>address：http://192.168.62.1:9998<br>code：500<br>msg：xxl-job remoting error(Connection refused: no further information), for url : http://192.168.62.1:9998/run', NULL, 0, NULL, 2);
INSERT INTO `xxl_job_log` VALUES (56, 3, 2, 'http://192.168.62.1:9998', 'demoJobHandler', '', NULL, 0, '2023-04-03 19:27:53', 500, '任务触发类型：Cron触发<br>调度机器：192.168.62.1<br>执行器-注册方式：手动录入<br>执行器-地址列表：[http://192.168.62.1:9998]<br>路由策略：第一个<br>阻塞处理策略：单机串行<br>任务超时时间：0<br>失败重试次数：0<br><br><span style=\"color:#00c0ef;\" > >>>>>>>>>>>触发调度<<<<<<<<<<< </span><br>触发调度：<br>address：http://192.168.62.1:9998<br>code：500<br>msg：xxl-job remoting error(Connection refused: no further information), for url : http://192.168.62.1:9998/run', NULL, 0, NULL, 2);
INSERT INTO `xxl_job_log` VALUES (57, 3, 2, 'http://192.168.62.1:9998', 'demoJobHandler', '', NULL, 0, '2023-04-03 19:27:54', 500, '任务触发类型：Cron触发<br>调度机器：192.168.62.1<br>执行器-注册方式：手动录入<br>执行器-地址列表：[http://192.168.62.1:9998]<br>路由策略：第一个<br>阻塞处理策略：单机串行<br>任务超时时间：0<br>失败重试次数：0<br><br><span style=\"color:#00c0ef;\" > >>>>>>>>>>>触发调度<<<<<<<<<<< </span><br>触发调度：<br>address：http://192.168.62.1:9998<br>code：500<br>msg：xxl-job remoting error(Connection refused: no further information), for url : http://192.168.62.1:9998/run', NULL, 0, NULL, 2);
INSERT INTO `xxl_job_log` VALUES (58, 3, 2, 'http://192.168.62.1:9998', 'demoJobHandler', '', NULL, 0, '2023-04-03 19:27:55', 500, '任务触发类型：Cron触发<br>调度机器：192.168.62.1<br>执行器-注册方式：手动录入<br>执行器-地址列表：[http://192.168.62.1:9998]<br>路由策略：第一个<br>阻塞处理策略：单机串行<br>任务超时时间：0<br>失败重试次数：0<br><br><span style=\"color:#00c0ef;\" > >>>>>>>>>>>触发调度<<<<<<<<<<< </span><br>触发调度：<br>address：http://192.168.62.1:9998<br>code：500<br>msg：xxl-job remoting error(Connection refused: no further information), for url : http://192.168.62.1:9998/run', NULL, 0, NULL, 2);
INSERT INTO `xxl_job_log` VALUES (59, 3, 2, 'http://192.168.62.1:9998', 'demoJobHandler', '', NULL, 0, '2023-04-03 19:27:56', 500, '任务触发类型：Cron触发<br>调度机器：192.168.62.1<br>执行器-注册方式：手动录入<br>执行器-地址列表：[http://192.168.62.1:9998]<br>路由策略：第一个<br>阻塞处理策略：单机串行<br>任务超时时间：0<br>失败重试次数：0<br><br><span style=\"color:#00c0ef;\" > >>>>>>>>>>>触发调度<<<<<<<<<<< </span><br>触发调度：<br>address：http://192.168.62.1:9998<br>code：500<br>msg：xxl-job remoting error(Connection refused: no further information), for url : http://192.168.62.1:9998/run', NULL, 0, NULL, 2);
INSERT INTO `xxl_job_log` VALUES (60, 3, 2, 'http://192.168.62.1:9998', 'demoJobHandler', '', NULL, 0, '2023-04-03 19:27:57', 500, '任务触发类型：Cron触发<br>调度机器：192.168.62.1<br>执行器-注册方式：手动录入<br>执行器-地址列表：[http://192.168.62.1:9998]<br>路由策略：第一个<br>阻塞处理策略：单机串行<br>任务超时时间：0<br>失败重试次数：0<br><br><span style=\"color:#00c0ef;\" > >>>>>>>>>>>触发调度<<<<<<<<<<< </span><br>触发调度：<br>address：http://192.168.62.1:9998<br>code：500<br>msg：xxl-job remoting error(Connection refused: no further information), for url : http://192.168.62.1:9998/run', NULL, 0, NULL, 2);
INSERT INTO `xxl_job_log` VALUES (61, 3, 2, 'http://192.168.62.1:9998', 'demoJobHandler', '', NULL, 0, '2023-04-03 19:27:58', 500, '任务触发类型：Cron触发<br>调度机器：192.168.62.1<br>执行器-注册方式：手动录入<br>执行器-地址列表：[http://192.168.62.1:9998]<br>路由策略：第一个<br>阻塞处理策略：单机串行<br>任务超时时间：0<br>失败重试次数：0<br><br><span style=\"color:#00c0ef;\" > >>>>>>>>>>>触发调度<<<<<<<<<<< </span><br>触发调度：<br>address：http://192.168.62.1:9998<br>code：500<br>msg：xxl-job remoting error(Connection refused: no further information), for url : http://192.168.62.1:9998/run', NULL, 0, NULL, 2);
INSERT INTO `xxl_job_log` VALUES (62, 3, 2, 'http://192.168.62.1:9998', 'demoJobHandler', '', NULL, 0, '2023-04-03 19:27:59', 500, '任务触发类型：Cron触发<br>调度机器：192.168.62.1<br>执行器-注册方式：手动录入<br>执行器-地址列表：[http://192.168.62.1:9998]<br>路由策略：第一个<br>阻塞处理策略：单机串行<br>任务超时时间：0<br>失败重试次数：0<br><br><span style=\"color:#00c0ef;\" > >>>>>>>>>>>触发调度<<<<<<<<<<< </span><br>触发调度：<br>address：http://192.168.62.1:9998<br>code：500<br>msg：xxl-job remoting error(Connection refused: no further information), for url : http://192.168.62.1:9998/run', NULL, 0, NULL, 2);
INSERT INTO `xxl_job_log` VALUES (63, 3, 2, 'http://192.168.62.1:9998', 'demoJobHandler', '', NULL, 0, '2023-04-03 19:28:00', 500, '任务触发类型：Cron触发<br>调度机器：192.168.62.1<br>执行器-注册方式：手动录入<br>执行器-地址列表：[http://192.168.62.1:9998]<br>路由策略：第一个<br>阻塞处理策略：单机串行<br>任务超时时间：0<br>失败重试次数：0<br><br><span style=\"color:#00c0ef;\" > >>>>>>>>>>>触发调度<<<<<<<<<<< </span><br>触发调度：<br>address：http://192.168.62.1:9998<br>code：500<br>msg：xxl-job remoting error(Connection refused: no further information), for url : http://192.168.62.1:9998/run', NULL, 0, NULL, 2);
INSERT INTO `xxl_job_log` VALUES (64, 3, 2, 'http://192.168.62.1:9998', 'demoJobHandler', '', NULL, 0, '2023-04-03 19:28:01', 500, '任务触发类型：Cron触发<br>调度机器：192.168.62.1<br>执行器-注册方式：手动录入<br>执行器-地址列表：[http://192.168.62.1:9998]<br>路由策略：第一个<br>阻塞处理策略：单机串行<br>任务超时时间：0<br>失败重试次数：0<br><br><span style=\"color:#00c0ef;\" > >>>>>>>>>>>触发调度<<<<<<<<<<< </span><br>触发调度：<br>address：http://192.168.62.1:9998<br>code：500<br>msg：xxl-job remoting error(Connection refused: no further information), for url : http://192.168.62.1:9998/run', NULL, 0, NULL, 2);
INSERT INTO `xxl_job_log` VALUES (65, 3, 2, 'http://192.168.62.1:9998', 'demoJobHandler', '', NULL, 0, '2023-04-03 19:28:02', 500, '任务触发类型：Cron触发<br>调度机器：192.168.62.1<br>执行器-注册方式：手动录入<br>执行器-地址列表：[http://192.168.62.1:9998]<br>路由策略：第一个<br>阻塞处理策略：单机串行<br>任务超时时间：0<br>失败重试次数：0<br><br><span style=\"color:#00c0ef;\" > >>>>>>>>>>>触发调度<<<<<<<<<<< </span><br>触发调度：<br>address：http://192.168.62.1:9998<br>code：500<br>msg：xxl-job remoting error(Connection refused: no further information), for url : http://192.168.62.1:9998/run', NULL, 0, NULL, 2);
INSERT INTO `xxl_job_log` VALUES (66, 3, 2, 'http://192.168.62.1:9998', 'demoJobHandler', '', NULL, 0, '2023-04-03 19:28:03', 500, '任务触发类型：Cron触发<br>调度机器：192.168.62.1<br>执行器-注册方式：手动录入<br>执行器-地址列表：[http://192.168.62.1:9998]<br>路由策略：第一个<br>阻塞处理策略：单机串行<br>任务超时时间：0<br>失败重试次数：0<br><br><span style=\"color:#00c0ef;\" > >>>>>>>>>>>触发调度<<<<<<<<<<< </span><br>触发调度：<br>address：http://192.168.62.1:9998<br>code：500<br>msg：xxl-job remoting error(Connection refused: no further information), for url : http://192.168.62.1:9998/run', NULL, 0, NULL, 2);
INSERT INTO `xxl_job_log` VALUES (67, 3, 2, 'http://192.168.62.1:9998', 'demoJobHandler', '', NULL, 0, '2023-04-03 19:28:04', 500, '任务触发类型：Cron触发<br>调度机器：192.168.62.1<br>执行器-注册方式：手动录入<br>执行器-地址列表：[http://192.168.62.1:9998]<br>路由策略：第一个<br>阻塞处理策略：单机串行<br>任务超时时间：0<br>失败重试次数：0<br><br><span style=\"color:#00c0ef;\" > >>>>>>>>>>>触发调度<<<<<<<<<<< </span><br>触发调度：<br>address：http://192.168.62.1:9998<br>code：500<br>msg：xxl-job remoting error(Connection refused: no further information), for url : http://192.168.62.1:9998/run', NULL, 0, NULL, 2);
INSERT INTO `xxl_job_log` VALUES (68, 3, 2, 'http://192.168.62.1:9998', 'demoJobHandler', '', NULL, 0, '2023-04-03 19:28:05', 500, '任务触发类型：Cron触发<br>调度机器：192.168.62.1<br>执行器-注册方式：手动录入<br>执行器-地址列表：[http://192.168.62.1:9998]<br>路由策略：第一个<br>阻塞处理策略：单机串行<br>任务超时时间：0<br>失败重试次数：0<br><br><span style=\"color:#00c0ef;\" > >>>>>>>>>>>触发调度<<<<<<<<<<< </span><br>触发调度：<br>address：http://192.168.62.1:9998<br>code：500<br>msg：xxl-job remoting error(Connection refused: no further information), for url : http://192.168.62.1:9998/run', NULL, 0, NULL, 2);
INSERT INTO `xxl_job_log` VALUES (69, 3, 2, 'http://192.168.62.1:9998', 'demoJobHandler', '', NULL, 0, '2023-04-03 19:28:06', 500, '任务触发类型：Cron触发<br>调度机器：192.168.62.1<br>执行器-注册方式：手动录入<br>执行器-地址列表：[http://192.168.62.1:9998]<br>路由策略：第一个<br>阻塞处理策略：单机串行<br>任务超时时间：0<br>失败重试次数：0<br><br><span style=\"color:#00c0ef;\" > >>>>>>>>>>>触发调度<<<<<<<<<<< </span><br>触发调度：<br>address：http://192.168.62.1:9998<br>code：500<br>msg：xxl-job remoting error(Connection refused: no further information), for url : http://192.168.62.1:9998/run', NULL, 0, NULL, 2);
INSERT INTO `xxl_job_log` VALUES (70, 3, 2, 'http://192.168.62.1:9998', 'demoJobHandler', '', NULL, 0, '2023-04-03 19:28:07', 500, '任务触发类型：Cron触发<br>调度机器：192.168.62.1<br>执行器-注册方式：手动录入<br>执行器-地址列表：[http://192.168.62.1:9998]<br>路由策略：第一个<br>阻塞处理策略：单机串行<br>任务超时时间：0<br>失败重试次数：0<br><br><span style=\"color:#00c0ef;\" > >>>>>>>>>>>触发调度<<<<<<<<<<< </span><br>触发调度：<br>address：http://192.168.62.1:9998<br>code：500<br>msg：xxl-job remoting error(Connection refused: no further information), for url : http://192.168.62.1:9998/run', NULL, 0, NULL, 2);
INSERT INTO `xxl_job_log` VALUES (71, 3, 2, 'http://192.168.62.1:9998', 'demoJobHandler', '', NULL, 0, '2023-04-03 19:28:08', 500, '任务触发类型：Cron触发<br>调度机器：192.168.62.1<br>执行器-注册方式：手动录入<br>执行器-地址列表：[http://192.168.62.1:9998]<br>路由策略：第一个<br>阻塞处理策略：单机串行<br>任务超时时间：0<br>失败重试次数：0<br><br><span style=\"color:#00c0ef;\" > >>>>>>>>>>>触发调度<<<<<<<<<<< </span><br>触发调度：<br>address：http://192.168.62.1:9998<br>code：500<br>msg：xxl-job remoting error(Connection refused: no further information), for url : http://192.168.62.1:9998/run', NULL, 0, NULL, 2);
INSERT INTO `xxl_job_log` VALUES (72, 3, 2, 'http://192.168.62.1:9998', 'demoJobHandler', '', NULL, 0, '2023-04-03 19:28:09', 500, '任务触发类型：Cron触发<br>调度机器：192.168.62.1<br>执行器-注册方式：手动录入<br>执行器-地址列表：[http://192.168.62.1:9998]<br>路由策略：第一个<br>阻塞处理策略：单机串行<br>任务超时时间：0<br>失败重试次数：0<br><br><span style=\"color:#00c0ef;\" > >>>>>>>>>>>触发调度<<<<<<<<<<< </span><br>触发调度：<br>address：http://192.168.62.1:9998<br>code：500<br>msg：xxl-job remoting error(Connection refused: no further information), for url : http://192.168.62.1:9998/run', NULL, 0, NULL, 2);
INSERT INTO `xxl_job_log` VALUES (73, 3, 2, 'http://192.168.62.1:9998', 'demoJobHandler', '', NULL, 0, '2023-04-03 19:28:10', 500, '任务触发类型：Cron触发<br>调度机器：192.168.62.1<br>执行器-注册方式：手动录入<br>执行器-地址列表：[http://192.168.62.1:9998]<br>路由策略：第一个<br>阻塞处理策略：单机串行<br>任务超时时间：0<br>失败重试次数：0<br><br><span style=\"color:#00c0ef;\" > >>>>>>>>>>>触发调度<<<<<<<<<<< </span><br>触发调度：<br>address：http://192.168.62.1:9998<br>code：500<br>msg：xxl-job remoting error(Connection refused: no further information), for url : http://192.168.62.1:9998/run', NULL, 0, NULL, 2);
INSERT INTO `xxl_job_log` VALUES (74, 3, 2, 'http://192.168.62.1:9998', 'demoJobHandler', '', NULL, 0, '2023-04-03 19:28:11', 500, '任务触发类型：Cron触发<br>调度机器：192.168.62.1<br>执行器-注册方式：手动录入<br>执行器-地址列表：[http://192.168.62.1:9998]<br>路由策略：第一个<br>阻塞处理策略：单机串行<br>任务超时时间：0<br>失败重试次数：0<br><br><span style=\"color:#00c0ef;\" > >>>>>>>>>>>触发调度<<<<<<<<<<< </span><br>触发调度：<br>address：http://192.168.62.1:9998<br>code：500<br>msg：xxl-job remoting error(Connection refused: no further information), for url : http://192.168.62.1:9998/run', NULL, 0, NULL, 2);
INSERT INTO `xxl_job_log` VALUES (75, 3, 2, 'http://192.168.62.1:9998', 'demoJobHandler', '', NULL, 0, '2023-04-03 19:28:12', 500, '任务触发类型：Cron触发<br>调度机器：192.168.62.1<br>执行器-注册方式：手动录入<br>执行器-地址列表：[http://192.168.62.1:9998]<br>路由策略：第一个<br>阻塞处理策略：单机串行<br>任务超时时间：0<br>失败重试次数：0<br><br><span style=\"color:#00c0ef;\" > >>>>>>>>>>>触发调度<<<<<<<<<<< </span><br>触发调度：<br>address：http://192.168.62.1:9998<br>code：500<br>msg：xxl-job remoting error(Connection refused: no further information), for url : http://192.168.62.1:9998/run', NULL, 0, NULL, 2);
INSERT INTO `xxl_job_log` VALUES (76, 3, 2, 'http://192.168.62.1:9998', 'demoJobHandler', '', NULL, 0, '2023-04-03 19:28:12', 500, '任务触发类型：Cron触发<br>调度机器：192.168.62.1<br>执行器-注册方式：手动录入<br>执行器-地址列表：[http://192.168.62.1:9998]<br>路由策略：第一个<br>阻塞处理策略：单机串行<br>任务超时时间：0<br>失败重试次数：0<br><br><span style=\"color:#00c0ef;\" > >>>>>>>>>>>触发调度<<<<<<<<<<< </span><br>触发调度：<br>address：http://192.168.62.1:9998<br>code：500<br>msg：xxl-job remoting error(Connection refused: no further information), for url : http://192.168.62.1:9998/run', NULL, 0, NULL, 2);
INSERT INTO `xxl_job_log` VALUES (77, 3, 2, 'http://192.168.62.1:9998', 'demoJobHandler', '', NULL, 0, '2023-04-03 19:28:13', 500, '任务触发类型：Cron触发<br>调度机器：192.168.62.1<br>执行器-注册方式：手动录入<br>执行器-地址列表：[http://192.168.62.1:9998]<br>路由策略：第一个<br>阻塞处理策略：单机串行<br>任务超时时间：0<br>失败重试次数：0<br><br><span style=\"color:#00c0ef;\" > >>>>>>>>>>>触发调度<<<<<<<<<<< </span><br>触发调度：<br>address：http://192.168.62.1:9998<br>code：500<br>msg：xxl-job remoting error(Connection refused: no further information), for url : http://192.168.62.1:9998/run', NULL, 0, NULL, 2);
INSERT INTO `xxl_job_log` VALUES (78, 3, 2, 'http://192.168.62.1:9998', 'demoJobHandler', '', NULL, 0, '2023-04-03 19:28:14', 500, '任务触发类型：Cron触发<br>调度机器：192.168.62.1<br>执行器-注册方式：手动录入<br>执行器-地址列表：[http://192.168.62.1:9998]<br>路由策略：第一个<br>阻塞处理策略：单机串行<br>任务超时时间：0<br>失败重试次数：0<br><br><span style=\"color:#00c0ef;\" > >>>>>>>>>>>触发调度<<<<<<<<<<< </span><br>触发调度：<br>address：http://192.168.62.1:9998<br>code：500<br>msg：xxl-job remoting error(Connection refused: no further information), for url : http://192.168.62.1:9998/run', NULL, 0, NULL, 2);
INSERT INTO `xxl_job_log` VALUES (79, 3, 2, 'http://192.168.62.1:9998', 'demoJobHandler', '', NULL, 0, '2023-04-03 19:28:15', 500, '任务触发类型：Cron触发<br>调度机器：192.168.62.1<br>执行器-注册方式：手动录入<br>执行器-地址列表：[http://192.168.62.1:9998]<br>路由策略：第一个<br>阻塞处理策略：单机串行<br>任务超时时间：0<br>失败重试次数：0<br><br><span style=\"color:#00c0ef;\" > >>>>>>>>>>>触发调度<<<<<<<<<<< </span><br>触发调度：<br>address：http://192.168.62.1:9998<br>code：500<br>msg：xxl-job remoting error(Connection refused: no further information), for url : http://192.168.62.1:9998/run', NULL, 0, NULL, 2);
INSERT INTO `xxl_job_log` VALUES (80, 3, 2, 'http://192.168.62.1:9998', 'demoJobHandler', '', NULL, 0, '2023-04-03 19:28:16', 500, '任务触发类型：Cron触发<br>调度机器：192.168.62.1<br>执行器-注册方式：手动录入<br>执行器-地址列表：[http://192.168.62.1:9998]<br>路由策略：第一个<br>阻塞处理策略：单机串行<br>任务超时时间：0<br>失败重试次数：0<br><br><span style=\"color:#00c0ef;\" > >>>>>>>>>>>触发调度<<<<<<<<<<< </span><br>触发调度：<br>address：http://192.168.62.1:9998<br>code：500<br>msg：xxl-job remoting error(Connection refused: no further information), for url : http://192.168.62.1:9998/run', NULL, 0, NULL, 2);
INSERT INTO `xxl_job_log` VALUES (81, 3, 2, 'http://192.168.62.1:9998', 'demoJobHandler', '', NULL, 0, '2023-04-03 19:28:17', 500, '任务触发类型：Cron触发<br>调度机器：192.168.62.1<br>执行器-注册方式：手动录入<br>执行器-地址列表：[http://192.168.62.1:9998]<br>路由策略：第一个<br>阻塞处理策略：单机串行<br>任务超时时间：0<br>失败重试次数：0<br><br><span style=\"color:#00c0ef;\" > >>>>>>>>>>>触发调度<<<<<<<<<<< </span><br>触发调度：<br>address：http://192.168.62.1:9998<br>code：500<br>msg：xxl-job remoting error(Connection refused: no further information), for url : http://192.168.62.1:9998/run', NULL, 0, NULL, 2);
INSERT INTO `xxl_job_log` VALUES (82, 3, 2, 'http://192.168.62.1:9998', 'demoJobHandler', '', NULL, 0, '2023-04-03 19:28:18', 500, '任务触发类型：Cron触发<br>调度机器：192.168.62.1<br>执行器-注册方式：手动录入<br>执行器-地址列表：[http://192.168.62.1:9998]<br>路由策略：第一个<br>阻塞处理策略：单机串行<br>任务超时时间：0<br>失败重试次数：0<br><br><span style=\"color:#00c0ef;\" > >>>>>>>>>>>触发调度<<<<<<<<<<< </span><br>触发调度：<br>address：http://192.168.62.1:9998<br>code：500<br>msg：xxl-job remoting error(Connection refused: no further information), for url : http://192.168.62.1:9998/run', NULL, 0, NULL, 2);
INSERT INTO `xxl_job_log` VALUES (83, 3, 2, 'http://192.168.62.1:9998', 'demoJobHandler', '', NULL, 0, '2023-04-03 19:28:19', 500, '任务触发类型：Cron触发<br>调度机器：192.168.62.1<br>执行器-注册方式：手动录入<br>执行器-地址列表：[http://192.168.62.1:9998]<br>路由策略：第一个<br>阻塞处理策略：单机串行<br>任务超时时间：0<br>失败重试次数：0<br><br><span style=\"color:#00c0ef;\" > >>>>>>>>>>>触发调度<<<<<<<<<<< </span><br>触发调度：<br>address：http://192.168.62.1:9998<br>code：500<br>msg：xxl-job remoting error(Connection refused: no further information), for url : http://192.168.62.1:9998/run', NULL, 0, NULL, 2);
INSERT INTO `xxl_job_log` VALUES (84, 3, 2, 'http://192.168.62.1:9998', 'demoJobHandler', '', NULL, 0, '2023-04-03 19:28:20', 500, '任务触发类型：Cron触发<br>调度机器：192.168.62.1<br>执行器-注册方式：手动录入<br>执行器-地址列表：[http://192.168.62.1:9998]<br>路由策略：第一个<br>阻塞处理策略：单机串行<br>任务超时时间：0<br>失败重试次数：0<br><br><span style=\"color:#00c0ef;\" > >>>>>>>>>>>触发调度<<<<<<<<<<< </span><br>触发调度：<br>address：http://192.168.62.1:9998<br>code：500<br>msg：xxl-job remoting error(Connection refused: no further information), for url : http://192.168.62.1:9998/run', NULL, 0, NULL, 2);
INSERT INTO `xxl_job_log` VALUES (85, 3, 2, 'http://192.168.62.1:9998', 'demoJobHandler', '', NULL, 0, '2023-04-03 19:28:20', 500, '任务触发类型：手动触发<br>调度机器：192.168.62.1<br>执行器-注册方式：手动录入<br>执行器-地址列表：[http://192.168.62.1:9998]<br>路由策略：第一个<br>阻塞处理策略：单机串行<br>任务超时时间：0<br>失败重试次数：0<br><br><span style=\"color:#00c0ef;\" > >>>>>>>>>>>触发调度<<<<<<<<<<< </span><br>触发调度：<br>address：http://192.168.62.1:9998<br>code：500<br>msg：xxl-job remoting error(Connection refused: no further information), for url : http://192.168.62.1:9998/run', NULL, 0, NULL, 2);
INSERT INTO `xxl_job_log` VALUES (86, 3, 2, 'http://192.168.62.1:9998', 'demoJobHandler', '', NULL, 0, '2023-04-03 19:28:21', 500, '任务触发类型：Cron触发<br>调度机器：192.168.62.1<br>执行器-注册方式：手动录入<br>执行器-地址列表：[http://192.168.62.1:9998]<br>路由策略：第一个<br>阻塞处理策略：单机串行<br>任务超时时间：0<br>失败重试次数：0<br><br><span style=\"color:#00c0ef;\" > >>>>>>>>>>>触发调度<<<<<<<<<<< </span><br>触发调度：<br>address：http://192.168.62.1:9998<br>code：500<br>msg：xxl-job remoting error(Connection refused: no further information), for url : http://192.168.62.1:9998/run', NULL, 0, NULL, 2);
INSERT INTO `xxl_job_log` VALUES (87, 3, 2, 'http://192.168.62.1:9998', 'demoJobHandler', '', NULL, 0, '2023-04-03 19:28:22', 500, '任务触发类型：Cron触发<br>调度机器：192.168.62.1<br>执行器-注册方式：手动录入<br>执行器-地址列表：[http://192.168.62.1:9998]<br>路由策略：第一个<br>阻塞处理策略：单机串行<br>任务超时时间：0<br>失败重试次数：0<br><br><span style=\"color:#00c0ef;\" > >>>>>>>>>>>触发调度<<<<<<<<<<< </span><br>触发调度：<br>address：http://192.168.62.1:9998<br>code：500<br>msg：xxl-job remoting error(Connection refused: no further information), for url : http://192.168.62.1:9998/run', NULL, 0, NULL, 2);
INSERT INTO `xxl_job_log` VALUES (88, 3, 2, 'http://192.168.62.1:9998', 'demoJobHandler', '', NULL, 0, '2023-04-03 19:28:23', 500, '任务触发类型：Cron触发<br>调度机器：192.168.62.1<br>执行器-注册方式：手动录入<br>执行器-地址列表：[http://192.168.62.1:9998]<br>路由策略：第一个<br>阻塞处理策略：单机串行<br>任务超时时间：0<br>失败重试次数：0<br><br><span style=\"color:#00c0ef;\" > >>>>>>>>>>>触发调度<<<<<<<<<<< </span><br>触发调度：<br>address：http://192.168.62.1:9998<br>code：500<br>msg：xxl-job remoting error(Connection refused: no further information), for url : http://192.168.62.1:9998/run', NULL, 0, NULL, 2);
INSERT INTO `xxl_job_log` VALUES (89, 3, 2, 'http://192.168.62.1:9998', 'demoJobHandler', '', NULL, 0, '2023-04-03 19:28:24', 500, '任务触发类型：Cron触发<br>调度机器：192.168.62.1<br>执行器-注册方式：手动录入<br>执行器-地址列表：[http://192.168.62.1:9998]<br>路由策略：第一个<br>阻塞处理策略：单机串行<br>任务超时时间：0<br>失败重试次数：0<br><br><span style=\"color:#00c0ef;\" > >>>>>>>>>>>触发调度<<<<<<<<<<< </span><br>触发调度：<br>address：http://192.168.62.1:9998<br>code：500<br>msg：xxl-job remoting error(Connection refused: no further information), for url : http://192.168.62.1:9998/run', NULL, 0, NULL, 2);
INSERT INTO `xxl_job_log` VALUES (90, 3, 2, NULL, NULL, NULL, NULL, 0, '2023-04-03 19:28:25', 0, NULL, NULL, 0, NULL, 0);
INSERT INTO `xxl_job_log` VALUES (91, 3, 2, 'http://192.168.62.1:9998', 'demoJobHandler', '', NULL, 0, '2023-04-03 19:29:42', 500, '任务触发类型：手动触发<br>调度机器：192.168.62.1<br>执行器-注册方式：手动录入<br>执行器-地址列表：[http://192.168.62.1:9998]<br>路由策略：第一个<br>阻塞处理策略：单机串行<br>任务超时时间：0<br>失败重试次数：0<br><br><span style=\"color:#00c0ef;\" > >>>>>>>>>>>触发调度<<<<<<<<<<< </span><br>触发调度：<br>address：http://192.168.62.1:9998<br>code：500<br>msg：xxl-job remoting error(Connection refused: no further information), for url : http://192.168.62.1:9998/run', NULL, 0, NULL, 2);
INSERT INTO `xxl_job_log` VALUES (92, 3, 2, 'http://192.168.62.1:9998', 'demoJobHandler', '', NULL, 0, '2023-04-03 19:31:59', 500, '任务触发类型：手动触发<br>调度机器：192.168.62.1<br>执行器-注册方式：手动录入<br>执行器-地址列表：[http://192.168.62.1:9998]<br>路由策略：第一个<br>阻塞处理策略：单机串行<br>任务超时时间：0<br>失败重试次数：0<br><br><span style=\"color:#00c0ef;\" > >>>>>>>>>>>触发调度<<<<<<<<<<< </span><br>触发调度：<br>address：http://192.168.62.1:9998<br>code：500<br>msg：xxl-job remoting error(Connection refused: no further information), for url : http://192.168.62.1:9998/run', NULL, 0, NULL, 2);
INSERT INTO `xxl_job_log` VALUES (93, 3, 2, 'http://192.168.62.1:9998', 'demoJobHandler', '', NULL, 0, '2023-04-03 19:32:44', 500, '任务触发类型：手动触发<br>调度机器：192.168.62.1<br>执行器-注册方式：手动录入<br>执行器-地址列表：[http://192.168.62.1:9998]<br>路由策略：第一个<br>阻塞处理策略：单机串行<br>任务超时时间：0<br>失败重试次数：0<br><br><span style=\"color:#00c0ef;\" > >>>>>>>>>>>触发调度<<<<<<<<<<< </span><br>触发调度：<br>address：http://192.168.62.1:9998<br>code：500<br>msg：xxl-job remoting error(Connection refused: no further information), for url : http://192.168.62.1:9998/run', NULL, 0, NULL, 2);
INSERT INTO `xxl_job_log` VALUES (94, 3, 2, 'http://192.168.62.1:9998', 'demoJobHandler', '', NULL, 0, '2023-04-03 19:32:58', 500, '任务触发类型：手动触发<br>调度机器：192.168.62.1<br>执行器-注册方式：手动录入<br>执行器-地址列表：[http://192.168.62.1:9998]<br>路由策略：第一个<br>阻塞处理策略：单机串行<br>任务超时时间：0<br>失败重试次数：0<br><br><span style=\"color:#00c0ef;\" > >>>>>>>>>>>触发调度<<<<<<<<<<< </span><br>触发调度：<br>address：http://192.168.62.1:9998<br>code：500<br>msg：xxl-job remoting error(Connection refused: no further information), for url : http://192.168.62.1:9998/run', NULL, 0, NULL, 2);
INSERT INTO `xxl_job_log` VALUES (95, 3, 2, 'http://192.168.62.1:9998', 'demoJobHandler', '', NULL, 0, '2023-04-03 19:33:37', 500, '任务触发类型：手动触发<br>调度机器：192.168.62.1<br>执行器-注册方式：手动录入<br>执行器-地址列表：[http://192.168.62.1:9998]<br>路由策略：第一个<br>阻塞处理策略：单机串行<br>任务超时时间：0<br>失败重试次数：0<br><br><span style=\"color:#00c0ef;\" > >>>>>>>>>>>触发调度<<<<<<<<<<< </span><br>触发调度：<br>address：http://192.168.62.1:9998<br>code：500<br>msg：xxl-job remoting error(Connection refused: no further information), for url : http://192.168.62.1:9998/run', NULL, 0, NULL, 2);
INSERT INTO `xxl_job_log` VALUES (96, 3, 2, 'http://192.168.62.1:9998', 'demoJobHandler', '', NULL, 0, '2023-04-03 19:39:27', 500, '任务触发类型：手动触发<br>调度机器：192.168.62.1<br>执行器-注册方式：手动录入<br>执行器-地址列表：[http://192.168.62.1:9998]<br>路由策略：第一个<br>阻塞处理策略：单机串行<br>任务超时时间：0<br>失败重试次数：0<br><br><span style=\"color:#00c0ef;\" > >>>>>>>>>>>触发调度<<<<<<<<<<< </span><br>触发调度：<br>address：http://192.168.62.1:9998<br>code：500<br>msg：xxl-job remoting error(Read timed out), for url : http://192.168.62.1:9998/run', '2023-04-03 19:39:42', 200, '', 2);
INSERT INTO `xxl_job_log` VALUES (97, 3, 2, 'http://192.168.62.1:9998', 'demoJobHandler', '', NULL, 0, '2023-04-03 19:39:47', 200, '任务触发类型：手动触发<br>调度机器：192.168.62.1<br>执行器-注册方式：手动录入<br>执行器-地址列表：[http://192.168.62.1:9998]<br>路由策略：第一个<br>阻塞处理策略：单机串行<br>任务超时时间：0<br>失败重试次数：0<br><br><span style=\"color:#00c0ef;\" > >>>>>>>>>>>触发调度<<<<<<<<<<< </span><br>触发调度：<br>address：http://192.168.62.1:9998<br>code：200<br>msg：null', '2023-04-03 19:40:03', 200, '', 0);
INSERT INTO `xxl_job_log` VALUES (98, 3, 2, 'http://192.168.62.1:9998', 'demoJobHandler', '', NULL, 0, '2023-04-03 19:40:03', 200, '任务触发类型：手动触发<br>调度机器：192.168.62.1<br>执行器-注册方式：手动录入<br>执行器-地址列表：[http://192.168.62.1:9998]<br>路由策略：第一个<br>阻塞处理策略：单机串行<br>任务超时时间：0<br>失败重试次数：0<br><br><span style=\"color:#00c0ef;\" > >>>>>>>>>>>触发调度<<<<<<<<<<< </span><br>触发调度：<br>address：http://192.168.62.1:9998<br>code：200<br>msg：null', '2023-04-03 19:40:13', 200, '', 0);

-- ----------------------------
-- Table structure for xxl_job_log_report
-- ----------------------------
DROP TABLE IF EXISTS `xxl_job_log_report`;
CREATE TABLE `xxl_job_log_report`  (
                                       `id` int NOT NULL AUTO_INCREMENT,
                                       `trigger_day` datetime NULL DEFAULT NULL COMMENT '调度-时间',
                                       `running_count` int NOT NULL DEFAULT 0 COMMENT '运行中-日志数量',
                                       `suc_count` int NOT NULL DEFAULT 0 COMMENT '执行成功-日志数量',
                                       `fail_count` int NOT NULL DEFAULT 0 COMMENT '执行失败-日志数量',
                                       `update_time` datetime NULL DEFAULT NULL,
                                       PRIMARY KEY (`id`) USING BTREE,
                                       UNIQUE INDEX `i_trigger_day`(`trigger_day` ASC) USING BTREE
) ENGINE = InnoDB AUTO_INCREMENT = 6 CHARACTER SET = utf8mb4 COLLATE = utf8mb4_0900_ai_ci ROW_FORMAT = DYNAMIC;

-- ----------------------------
-- Records of xxl_job_log_report
-- ----------------------------
INSERT INTO `xxl_job_log_report` VALUES (1, '2023-04-03 00:00:00', 4, 3, 91, NULL);
INSERT INTO `xxl_job_log_report` VALUES (2, '2023-04-02 00:00:00', 0, 0, 0, NULL);
INSERT INTO `xxl_job_log_report` VALUES (3, '2023-04-01 00:00:00', 0, 0, 0, NULL);
INSERT INTO `xxl_job_log_report` VALUES (4, '2023-04-04 00:00:00', 0, 0, 0, NULL);
INSERT INTO `xxl_job_log_report` VALUES (5, '2023-04-05 00:00:00', 0, 0, 0, NULL);

-- ----------------------------
-- Table structure for xxl_job_logglue
-- ----------------------------
DROP TABLE IF EXISTS `xxl_job_logglue`;
CREATE TABLE `xxl_job_logglue`  (
                                    `id` int NOT NULL AUTO_INCREMENT,
                                    `job_id` int NOT NULL COMMENT '任务，主键ID',
                                    `glue_type` varchar(50) CHARACTER SET utf8mb4 COLLATE utf8mb4_0900_ai_ci NULL DEFAULT NULL COMMENT 'GLUE类型',
                                    `glue_source` mediumtext CHARACTER SET utf8mb4 COLLATE utf8mb4_0900_ai_ci NULL COMMENT 'GLUE源代码',
                                    `glue_remark` varchar(128) CHARACTER SET utf8mb4 COLLATE utf8mb4_0900_ai_ci NOT NULL COMMENT 'GLUE备注',
                                    `add_time` datetime NULL DEFAULT NULL,
                                    `update_time` datetime NULL DEFAULT NULL,
                                    PRIMARY KEY (`id`) USING BTREE
) ENGINE = InnoDB CHARACTER SET = utf8mb4 COLLATE = utf8mb4_0900_ai_ci ROW_FORMAT = DYNAMIC;

-- ----------------------------
-- Records of xxl_job_logglue
-- ----------------------------

-- ----------------------------
-- Table structure for xxl_job_registry
-- ----------------------------
DROP TABLE IF EXISTS `xxl_job_registry`;
CREATE TABLE `xxl_job_registry`  (
                                     `id` int NOT NULL AUTO_INCREMENT,
                                     `registry_group` varchar(50) CHARACTER SET utf8mb4 COLLATE utf8mb4_0900_ai_ci NOT NULL,
                                     `registry_key` varchar(255) CHARACTER SET utf8mb4 COLLATE utf8mb4_0900_ai_ci NOT NULL,
                                     `registry_value` varchar(255) CHARACTER SET utf8mb4 COLLATE utf8mb4_0900_ai_ci NOT NULL,
                                     `update_time` datetime NULL DEFAULT NULL,
                                     PRIMARY KEY (`id`) USING BTREE,
                                     INDEX `i_g_k_v`(`registry_group` ASC, `registry_key` ASC, `registry_value` ASC) USING BTREE
) ENGINE = InnoDB AUTO_INCREMENT = 122 CHARACTER SET = utf8mb4 COLLATE = utf8mb4_0900_ai_ci ROW_FORMAT = DYNAMIC;

-- ----------------------------
-- Records of xxl_job_registry
-- ----------------------------

-- ----------------------------
-- Table structure for xxl_job_user
-- ----------------------------
DROP TABLE IF EXISTS `xxl_job_user`;
CREATE TABLE `xxl_job_user`  (
                                 `id` int NOT NULL AUTO_INCREMENT,
                                 `username` varchar(50) CHARACTER SET utf8mb4 COLLATE utf8mb4_0900_ai_ci NOT NULL COMMENT '账号',
                                 `password` varchar(50) CHARACTER SET utf8mb4 COLLATE utf8mb4_0900_ai_ci NOT NULL COMMENT '密码',
                                 `role` tinyint NOT NULL COMMENT '角色：0-普通用户、1-管理员',
                                 `permission` varchar(255) CHARACTER SET utf8mb4 COLLATE utf8mb4_0900_ai_ci NULL DEFAULT NULL COMMENT '权限：执行器ID列表，多个逗号分割',
                                 PRIMARY KEY (`id`) USING BTREE,
                                 UNIQUE INDEX `i_username`(`username` ASC) USING BTREE
) ENGINE = InnoDB AUTO_INCREMENT = 2 CHARACTER SET = utf8mb4 COLLATE = utf8mb4_0900_ai_ci ROW_FORMAT = DYNAMIC;

-- ----------------------------
-- Records of xxl_job_user
-- ----------------------------
INSERT INTO `xxl_job_user` VALUES (1, 'admin', 'e10adc3949ba59abbe56e057f20f883e', 1, NULL);

SET FOREIGN_KEY_CHECKS = 1;
